name,method,correct_ratio,correct_seed,lr,epochs,optimizer,mask_stage,correct_accuracy,wrong_accuracy,forgetting_rate
qwen3-0.6b-correct-ratio-csqa-cnl-cr40-seed0-lr1e-7-ep3-optadamw-maskupdate,cnl,40.0,0,1e-7,3,adamw,update,0.7716049382716049,0.5086705202312138,0.22839506172839508
qwen3-0.6b-correct-ratio-csqa-cnl-cr40-seed0-lr1e-7-ep3-optadamw-maskgradient,cnl,40.0,0,1e-7,3,adamw,gradient,0.6604938271604939,0.5852601156069365,0.3395061728395061
qwen3-0.6b-correct-ratio-csqa-cnl-cr20-seed0-lr1e-7-ep3-optadamw-maskupdate,cnl,20.0,0,1e-7,3,adamw,update,0.7160493827160493,0.5028901734104047,0.28395061728395066
qwen3-0.6b-correct-ratio-csqa-cnl-cr20-seed0-lr1e-7-ep3-optadamw-maskgradient,cnl,20.0,0,1e-7,3,adamw,gradient,0.7654320987654321,0.6083815028901735,0.23456790123456794
qwen3-0.6b-correct-ratio-csqa-cnl-cr10-seed0-lr1e-7-ep3-optadamw-maskupdate,cnl,10.0,0,1e-7,3,adamw,update,0.85,0.5144508670520231,0.15000000000000002
qwen3-0.6b-correct-ratio-csqa-cnl-cr10-seed0-lr1e-7-ep3-optadamw-maskgradient,cnl,10.0,0,1e-7,3,adamw,gradient,0.75,0.6098265895953757,0.25
qwen3-0.6b-correct-ratio-csqa-cnl-cr100-seed0-lr1e-7-ep2-optsgd-maskupdate,cnl,100.0,0,1e-7,2,sgd,update,0.6757425742574258,0.4985549132947977,0.3242574257425742
qwen3-0.6b-correct-ratio-csqa-cnl-cr100-seed0-lr1e-7-ep2-optsgd-maskgradient,cnl,100.0,0,1e-7,2,sgd,gradient,0.6757425742574258,0.4985549132947977,0.3242574257425742
qwen3-0.6b-correct-ratio-csqa-cnl-cr80-seed0-lr1e-7-ep2-optsgd-maskupdate,cnl,80.0,0,1e-7,2,sgd,update,0.7058823529411765,0.4942196531791907,0.2941176470588235
qwen3-0.6b-correct-ratio-csqa-cnl-cr80-seed0-lr1e-7-ep2-optsgd-maskgradient,cnl,80.0,0,1e-7,2,sgd,gradient,0.7058823529411765,0.4942196531791907,0.2941176470588235
qwen3-0.6b-correct-ratio-csqa-cnl-cr60-seed0-lr1e-7-ep2-optsgd-maskupdate,cnl,60.0,0,1e-7,2,sgd,update,0.6652892561983471,0.5057803468208093,0.3347107438016529
qwen3-0.6b-correct-ratio-csqa-cnl-cr60-seed0-lr1e-7-ep2-optsgd-maskgradient,cnl,60.0,0,1e-7,2,sgd,gradient,0.6652892561983471,0.5057803468208093,0.3347107438016529
qwen3-0.6b-correct-ratio-csqa-cnl-cr40-seed0-lr1e-7-ep2-optsgd-maskupdate,cnl,40.0,0,1e-7,2,sgd,update,0.7283950617283951,0.4869942196531792,0.2716049382716049
qwen3-0.6b-correct-ratio-csqa-cnl-cr40-seed0-lr1e-7-ep2-optsgd-maskgradient,cnl,40.0,0,1e-7,2,sgd,gradient,0.7283950617283951,0.4869942196531792,0.2716049382716049
qwen3-0.6b-correct-ratio-csqa-cnl-cr20-seed0-lr1e-7-ep2-optsgd-maskupdate,cnl,20.0,0,1e-7,2,sgd,update,0.7530864197530864,0.49710982658959535,0.24691358024691357
qwen3-0.6b-correct-ratio-csqa-cnl-cr20-seed0-lr1e-7-ep2-optsgd-maskgradient,cnl,20.0,0,1e-7,2,sgd,gradient,0.7530864197530864,0.49710982658959535,0.24691358024691357
qwen3-0.6b-correct-ratio-csqa-cnl-cr10-seed0-lr1e-7-ep2-optsgd-maskupdate,cnl,10.0,0,1e-7,2,sgd,update,0.775,0.4927745664739884,0.22499999999999998
qwen3-0.6b-correct-ratio-csqa-cnl-cr10-seed0-lr1e-7-ep2-optsgd-maskgradient,cnl,10.0,0,1e-7,2,sgd,gradient,0.775,0.4927745664739884,0.22499999999999998
qwen3-0.6b-correct-ratio-csqa-cnl-cr100-seed0-lr1e-7-ep2-optadamw-maskupdate,cnl,100.0,0,1e-7,2,adamw,update,0.5445544554455446,0.5491329479768786,0.4554455445544554
qwen3-0.6b-correct-ratio-csqa-cnl-cr100-seed0-lr1e-7-ep2-optadamw-maskgradient,cnl,100.0,0,1e-7,2,adamw,gradient,0.7599009900990099,0.2702312138728324,0.2400990099009901
qwen3-0.6b-correct-ratio-csqa-cnl-cr80-seed0-lr1e-7-ep2-optadamw-maskupdate,cnl,80.0,0,1e-7,2,adamw,update,0.5356037151702786,0.5505780346820809,0.4643962848297214
qwen3-0.6b-correct-ratio-csqa-cnl-cr80-seed0-lr1e-7-ep2-optadamw-maskgradient,cnl,80.0,0,1e-7,2,adamw,gradient,0.7894736842105263,0.2312138728323699,0.21052631578947367
qwen3-0.6b-correct-ratio-csqa-cnl-cr60-seed0-lr1e-7-ep2-optadamw-maskupdate,cnl,60.0,0,1e-7,2,adamw,update,0.5289256198347108,0.5578034682080925,0.47107438016528924
qwen3-0.6b-correct-ratio-csqa-cnl-cr60-seed0-lr1e-7-ep2-optadamw-maskgradient,cnl,60.0,0,1e-7,2,adamw,gradient,0.7066115702479339,0.31647398843930635,0.29338842975206614
qwen3-0.6b-correct-ratio-csqa-cnl-cr40-seed0-lr1e-7-ep2-optadamw-maskupdate,cnl,40.0,0,1e-7,2,adamw,update,0.5802469135802469,0.546242774566474,0.41975308641975306
qwen3-0.6b-correct-ratio-csqa-cnl-cr40-seed0-lr1e-7-ep2-optadamw-maskgradient,cnl,40.0,0,1e-7,2,adamw,gradient,0.7962962962962963,0.17485549132947978,0.20370370370370372
qwen3-0.6b-correct-ratio-csqa-cnl-cr20-seed0-lr1e-7-ep2-optadamw-maskupdate,cnl,20.0,0,1e-7,2,adamw,update,0.5432098765432098,0.5505780346820809,0.45679012345679015
qwen3-0.6b-correct-ratio-csqa-cnl-cr20-seed0-lr1e-7-ep2-optadamw-maskgradient,cnl,20.0,0,1e-7,2,adamw,gradient,0.8395061728395061,0.203757225433526,0.16049382716049387
qwen3-0.6b-correct-ratio-csqa-cnl-cr10-seed0-lr1e-7-ep2-optadamw-maskupdate,cnl,10.0,0,1e-7,2,adamw,update,0.55,0.5549132947976878,0.44999999999999996
qwen3-0.6b-correct-ratio-csqa-cnl-cr10-seed0-lr1e-7-ep2-optadamw-maskgradient,cnl,10.0,0,1e-7,2,adamw,gradient,0.875,0.25578034682080925,0.125
qwen3-0.6b-correct-ratio-csqa-cnl-cr100-seed0-lr1e-7-ep1-optsgd-maskupdate,cnl,100.0,0,1e-7,1,sgd,update,0.5544554455445545,0.5621387283236994,0.4455445544554455
qwen3-0.6b-correct-ratio-csqa-cnl-cr100-seed0-lr1e-7-ep1-optsgd-maskgradient,cnl,100.0,0,1e-7,1,sgd,gradient,0.5544554455445545,0.5621387283236994,0.4455445544554455
qwen3-0.6b-correct-ratio-csqa-cnl-cr80-seed0-lr1e-7-ep1-optsgd-maskupdate,cnl,80.0,0,1e-7,1,sgd,update,0.5696594427244582,0.5578034682080925,0.43034055727554177
qwen3-0.6b-correct-ratio-csqa-cnl-cr80-seed0-lr1e-7-ep1-optsgd-maskgradient,cnl,80.0,0,1e-7,1,sgd,gradient,0.5696594427244582,0.5578034682080925,0.43034055727554177
qwen3-0.6b-correct-ratio-csqa-cnl-cr60-seed0-lr1e-7-ep1-optsgd-maskupdate,cnl,60.0,0,1e-7,1,sgd,update,0.5454545454545454,0.5664739884393064,0.4545454545454546
qwen3-0.6b-correct-ratio-csqa-cnl-cr60-seed0-lr1e-7-ep1-optsgd-maskgradient,cnl,60.0,0,1e-7,1,sgd,gradient,0.5454545454545454,0.5664739884393064,0.4545454545454546
qwen3-0.6b-correct-ratio-csqa-cnl-cr40-seed0-lr1e-7-ep1-optsgd-maskupdate,cnl,40.0,0,1e-7,1,sgd,update,0.5864197530864198,0.546242774566474,0.4135802469135802
qwen3-0.6b-correct-ratio-csqa-cnl-cr40-seed0-lr1e-7-ep1-optsgd-maskgradient,cnl,40.0,0,1e-7,1,sgd,gradient,0.5864197530864198,0.546242774566474,0.4135802469135802
qwen3-0.6b-correct-ratio-csqa-cnl-cr20-seed0-lr1e-7-ep1-optsgd-maskupdate,cnl,20.0,0,1e-7,1,sgd,update,0.5679012345679012,0.5505780346820809,0.4320987654320988
qwen3-0.6b-correct-ratio-csqa-cnl-cr20-seed0-lr1e-7-ep1-optsgd-maskgradient,cnl,20.0,0,1e-7,1,sgd,gradient,0.5679012345679012,0.5505780346820809,0.4320987654320988
qwen3-0.6b-correct-ratio-csqa-cnl-cr10-seed0-lr1e-7-ep1-optsgd-maskupdate,cnl,10.0,0,1e-7,1,sgd,update,0.6,0.5549132947976878,0.4
qwen3-0.6b-correct-ratio-csqa-cnl-cr10-seed0-lr1e-7-ep1-optsgd-maskgradient,cnl,10.0,0,1e-7,1,sgd,gradient,0.6,0.5549132947976878,0.4
qwen3-0.6b-correct-ratio-csqa-cnl-cr100-seed0-lr1e-7-ep1-optadamw-maskupdate,cnl,100.0,0,1e-7,1,adamw,update,0.4381188118811881,0.5780346820809249,0.5618811881188119
qwen3-0.6b-correct-ratio-csqa-cnl-cr100-seed0-lr1e-7-ep1-optadamw-maskgradient,cnl,100.0,0,1e-7,1,adamw,gradient,0.41336633663366334,0.5838150289017341,0.5866336633663367
qwen3-0.6b-correct-ratio-csqa-cnl-cr80-seed0-lr1e-7-ep1-optadamw-maskupdate,cnl,80.0,0,1e-7,1,adamw,update,0.4551083591331269,0.5751445086705202,0.5448916408668731
qwen3-0.6b-correct-ratio-csqa-cnl-cr80-seed0-lr1e-7-ep1-optadamw-maskgradient,cnl,80.0,0,1e-7,1,adamw,gradient,0.4179566563467492,0.5736994219653179,0.5820433436532508
qwen3-0.6b-correct-ratio-csqa-cnl-cr60-seed0-lr1e-7-ep1-optadamw-maskupdate,cnl,60.0,0,1e-7,1,adamw,update,0.4338842975206611,0.5780346820809249,0.5661157024793388
qwen3-0.6b-correct-ratio-csqa-cnl-cr60-seed0-lr1e-7-ep1-optadamw-maskgradient,cnl,60.0,0,1e-7,1,adamw,gradient,0.4090909090909091,0.5751445086705202,0.5909090909090908
qwen3-0.6b-correct-ratio-csqa-cnl-cr40-seed0-lr1e-7-ep1-optadamw-maskupdate,cnl,40.0,0,1e-7,1,adamw,update,0.4691358024691358,0.5794797687861272,0.5308641975308642
qwen3-0.6b-correct-ratio-csqa-cnl-cr40-seed0-lr1e-7-ep1-optadamw-maskgradient,cnl,40.0,0,1e-7,1,adamw,gradient,0.41358024691358025,0.5794797687861272,0.5864197530864197
qwen3-0.6b-correct-ratio-csqa-cnl-cr20-seed0-lr1e-7-ep1-optadamw-maskupdate,cnl,20.0,0,1e-7,1,adamw,update,0.4691358024691358,0.569364161849711,0.5308641975308642
qwen3-0.6b-correct-ratio-csqa-cnl-cr20-seed0-lr1e-7-ep1-optadamw-maskgradient,cnl,20.0,0,1e-7,1,adamw,gradient,0.49382716049382713,0.5780346820809249,0.5061728395061729
qwen3-0.6b-correct-ratio-csqa-cnl-cr10-seed0-lr1e-7-ep1-optadamw-maskupdate,cnl,10.0,0,1e-7,1,adamw,update,0.5,0.5852601156069365,0.5
qwen3-0.6b-correct-ratio-csqa-cnl-cr10-seed0-lr1e-7-ep1-optadamw-maskgradient,cnl,10.0,0,1e-7,1,adamw,gradient,0.5,0.5910404624277457,0.5
qwen3-0.6b-correct-ratio-csqa-cnl-cr100-seed0-lr5e-8-ep3-optsgd-maskupdate,cnl,100.0,0,5e-8,3,sgd,update,0.8886138613861386,0.31358381502890176,0.11138613861386137
qwen3-0.6b-correct-ratio-csqa-cnl-cr100-seed0-lr5e-8-ep3-optsgd-maskgradient,cnl,100.0,0,5e-8,3,sgd,gradient,0.8886138613861386,0.31358381502890176,0.11138613861386137
qwen3-0.6b-correct-ratio-csqa-cnl-cr80-seed0-lr5e-8-ep3-optsgd-maskupdate,cnl,80.0,0,5e-8,3,sgd,update,0.913312693498452,0.30057803468208094,0.08668730650154799
qwen3-0.6b-correct-ratio-csqa-cnl-cr80-seed0-lr5e-8-ep3-optsgd-maskgradient,cnl,80.0,0,5e-8,3,sgd,gradient,0.913312693498452,0.30057803468208094,0.08668730650154799
qwen3-0.6b-correct-ratio-csqa-cnl-cr60-seed0-lr5e-8-ep3-optsgd-maskupdate,cnl,60.0,0,5e-8,3,sgd,update,0.8801652892561983,0.3208092485549133,0.1198347107438017
qwen3-0.6b-correct-ratio-csqa-cnl-cr60-seed0-lr5e-8-ep3-optsgd-maskgradient,cnl,60.0,0,5e-8,3,sgd,gradient,0.8801652892561983,0.3208092485549133,0.1198347107438017
qwen3-0.6b-correct-ratio-csqa-cnl-cr40-seed0-lr5e-8-ep3-optsgd-maskupdate,cnl,40.0,0,5e-8,3,sgd,update,0.9382716049382716,0.29335260115606937,0.06172839506172845
qwen3-0.6b-correct-ratio-csqa-cnl-cr40-seed0-lr5e-8-ep3-optsgd-maskgradient,cnl,40.0,0,5e-8,3,sgd,gradient,0.9382716049382716,0.29335260115606937,0.06172839506172845
qwen3-0.6b-correct-ratio-csqa-cnl-cr20-seed0-lr5e-8-ep3-optsgd-maskupdate,cnl,20.0,0,5e-8,3,sgd,update,0.9506172839506172,0.3222543352601156,0.049382716049382824
qwen3-0.6b-correct-ratio-csqa-cnl-cr20-seed0-lr5e-8-ep3-optsgd-maskgradient,cnl,20.0,0,5e-8,3,sgd,gradient,0.9506172839506172,0.3222543352601156,0.049382716049382824
qwen3-0.6b-correct-ratio-csqa-cnl-cr10-seed0-lr5e-8-ep3-optsgd-maskupdate,cnl,10.0,0,5e-8,3,sgd,update,1.0,0.3236994219653179,0.0
qwen3-0.6b-correct-ratio-csqa-cnl-cr10-seed0-lr5e-8-ep3-optsgd-maskgradient,cnl,10.0,0,5e-8,3,sgd,gradient,1.0,0.3236994219653179,0.0
qwen3-0.6b-correct-ratio-csqa-cnl-cr100-seed0-lr5e-8-ep3-optadamw-maskupdate,cnl,100.0,0,5e-8,3,adamw,update,0.6955445544554455,0.4725433526011561,0.3044554455445545
qwen3-0.6b-correct-ratio-csqa-cnl-cr100-seed0-lr5e-8-ep3-optadamw-maskgradient,cnl,100.0,0,5e-8,3,adamw,gradient,0.915841584158416,0.3684971098265896,0.08415841584158401
qwen3-0.6b-correct-ratio-csqa-cnl-cr80-seed0-lr5e-8-ep3-optadamw-maskupdate,cnl,80.0,0,5e-8,3,adamw,update,0.7027863777089783,0.476878612716763,0.29721362229102166
qwen3-0.6b-correct-ratio-csqa-cnl-cr80-seed0-lr5e-8-ep3-optadamw-maskgradient,cnl,80.0,0,5e-8,3,adamw,gradient,0.9071207430340558,0.3800578034682081,0.09287925696594423
qwen3-0.6b-correct-ratio-csqa-cnl-cr60-seed0-lr5e-8-ep3-optadamw-maskupdate,cnl,60.0,0,5e-8,3,adamw,update,0.6735537190082644,0.4725433526011561,0.32644628099173556
qwen3-0.6b-correct-ratio-csqa-cnl-cr60-seed0-lr5e-8-ep3-optadamw-maskgradient,cnl,60.0,0,5e-8,3,adamw,gradient,0.9256198347107438,0.3887283236994219,0.07438016528925617
qwen3-0.6b-correct-ratio-csqa-cnl-cr40-seed0-lr5e-8-ep3-optadamw-maskupdate,cnl,40.0,0,5e-8,3,adamw,update,0.7222222222222222,0.4754335260115607,0.2777777777777778
qwen3-0.6b-correct-ratio-csqa-cnl-cr40-seed0-lr5e-8-ep3-optadamw-maskgradient,cnl,40.0,0,5e-8,3,adamw,gradient,0.9567901234567902,0.39739884393063585,0.043209876543209846
qwen3-0.6b-correct-ratio-csqa-cnl-cr20-seed0-lr5e-8-ep3-optadamw-maskupdate,cnl,20.0,0,5e-8,3,adamw,update,0.654320987654321,0.4942196531791907,0.345679012345679
qwen3-0.6b-correct-ratio-csqa-cnl-cr20-seed0-lr5e-8-ep3-optadamw-maskgradient,cnl,20.0,0,5e-8,3,adamw,gradient,0.9876543209876544,0.38439306358381503,0.012345679012345623
qwen3-0.6b-correct-ratio-csqa-cnl-cr10-seed0-lr5e-8-ep3-optadamw-maskupdate,cnl,10.0,0,5e-8,3,adamw,update,0.775,0.48988439306358383,0.22499999999999998
qwen3-0.6b-correct-ratio-csqa-cnl-cr10-seed0-lr5e-8-ep3-optadamw-maskgradient,cnl,10.0,0,5e-8,3,adamw,gradient,1.0,0.4017341040462428,0.0
qwen3-0.6b-correct-ratio-csqa-cnl-cr100-seed0-lr5e-8-ep2-optsgd-maskupdate,cnl,100.0,0,5e-8,2,sgd,update,0.7871287128712872,0.434971098265896,0.21287128712871284
qwen3-0.6b-correct-ratio-csqa-cnl-cr100-seed0-lr5e-8-ep2-optsgd-maskgradient,cnl,100.0,0,5e-8,2,sgd,gradient,0.7871287128712872,0.434971098265896,0.21287128712871284
qwen3-0.6b-correct-ratio-csqa-cnl-cr80-seed0-lr5e-8-ep2-optsgd-maskupdate,cnl,80.0,0,5e-8,2,sgd,update,0.7956656346749226,0.4277456647398844,0.20433436532507743
qwen3-0.6b-correct-ratio-csqa-cnl-cr80-seed0-lr5e-8-ep2-optsgd-maskgradient,cnl,80.0,0,5e-8,2,sgd,gradient,0.7956656346749226,0.4277456647398844,0.20433436532507743
qwen3-0.6b-correct-ratio-csqa-cnl-cr60-seed0-lr5e-8-ep2-optsgd-maskupdate,cnl,60.0,0,5e-8,2,sgd,update,0.7727272727272727,0.43641618497109824,0.2272727272727273
qwen3-0.6b-correct-ratio-csqa-cnl-cr60-seed0-lr5e-8-ep2-optsgd-maskgradient,cnl,60.0,0,5e-8,2,sgd,gradient,0.7727272727272727,0.43641618497109824,0.2272727272727273
qwen3-0.6b-correct-ratio-csqa-cnl-cr40-seed0-lr5e-8-ep2-optsgd-maskupdate,cnl,40.0,0,5e-8,2,sgd,update,0.8209876543209876,0.430635838150289,0.17901234567901236
qwen3-0.6b-correct-ratio-csqa-cnl-cr40-seed0-lr5e-8-ep2-optsgd-maskgradient,cnl,40.0,0,5e-8,2,sgd,gradient,0.8209876543209876,0.430635838150289,0.17901234567901236
qwen3-0.6b-correct-ratio-csqa-cnl-cr20-seed0-lr5e-8-ep2-optsgd-maskupdate,cnl,20.0,0,5e-8,2,sgd,update,0.7654320987654321,0.4479768786127168,0.23456790123456794
qwen3-0.6b-correct-ratio-csqa-cnl-cr20-seed0-lr5e-8-ep2-optsgd-maskgradient,cnl,20.0,0,5e-8,2,sgd,gradient,0.7654320987654321,0.4479768786127168,0.23456790123456794
qwen3-0.6b-correct-ratio-csqa-cnl-cr10-seed0-lr5e-8-ep2-optsgd-maskupdate,cnl,10.0,0,5e-8,2,sgd,update,0.9,0.4393063583815029,0.09999999999999998
qwen3-0.6b-correct-ratio-csqa-cnl-cr10-seed0-lr5e-8-ep2-optsgd-maskgradient,cnl,10.0,0,5e-8,2,sgd,gradient,0.9,0.4393063583815029,0.09999999999999998
qwen3-0.6b-correct-ratio-csqa-cnl-cr100-seed0-lr5e-8-ep2-optadamw-maskupdate,cnl,100.0,0,5e-8,2,adamw,update,0.6386138613861386,0.4942196531791907,0.3613861386138614
qwen3-0.6b-correct-ratio-csqa-cnl-cr100-seed0-lr5e-8-ep2-optadamw-maskgradient,cnl,100.0,0,5e-8,2,adamw,gradient,0.8935643564356436,0.3222543352601156,0.10643564356435642
qwen3-0.6b-correct-ratio-csqa-cnl-cr80-seed0-lr5e-8-ep2-optadamw-maskupdate,cnl,80.0,0,5e-8,2,adamw,update,0.6377708978328174,0.4956647398843931,0.3622291021671826
qwen3-0.6b-correct-ratio-csqa-cnl-cr80-seed0-lr5e-8-ep2-optadamw-maskgradient,cnl,80.0,0,5e-8,2,adamw,gradient,0.9071207430340558,0.29624277456647397,0.09287925696594423
qwen3-0.6b-correct-ratio-csqa-cnl-cr60-seed0-lr5e-8-ep2-optadamw-maskupdate,cnl,60.0,0,5e-8,2,adamw,update,0.6157024793388429,0.5014450867052023,0.3842975206611571
qwen3-0.6b-correct-ratio-csqa-cnl-cr60-seed0-lr5e-8-ep2-optadamw-maskgradient,cnl,60.0,0,5e-8,2,adamw,gradient,0.8925619834710744,0.32514450867052025,0.1074380165289256
qwen3-0.6b-correct-ratio-csqa-cnl-cr40-seed0-lr5e-8-ep2-optadamw-maskupdate,cnl,40.0,0,5e-8,2,adamw,update,0.654320987654321,0.5,0.345679012345679
qwen3-0.6b-correct-ratio-csqa-cnl-cr40-seed0-lr5e-8-ep2-optadamw-maskgradient,cnl,40.0,0,5e-8,2,adamw,gradient,0.925925925925926,0.2947976878612717,0.07407407407407396
qwen3-0.6b-correct-ratio-csqa-cnl-cr20-seed0-lr5e-8-ep2-optadamw-maskupdate,cnl,20.0,0,5e-8,2,adamw,update,0.5802469135802469,0.5,0.41975308641975306
qwen3-0.6b-correct-ratio-csqa-cnl-cr20-seed0-lr5e-8-ep2-optadamw-maskgradient,cnl,20.0,0,5e-8,2,adamw,gradient,0.9506172839506172,0.3063583815028902,0.049382716049382824
qwen3-0.6b-correct-ratio-csqa-cnl-cr10-seed0-lr5e-8-ep2-optadamw-maskupdate,cnl,10.0,0,5e-8,2,adamw,update,0.675,0.5014450867052023,0.32499999999999996
qwen3-0.6b-correct-ratio-csqa-cnl-cr10-seed0-lr5e-8-ep2-optadamw-maskgradient,cnl,10.0,0,5e-8,2,adamw,gradient,1.0,0.3179190751445087,0.0
qwen3-0.6b-correct-ratio-csqa-cnl-cr100-seed0-lr5e-8-ep1-optsgd-maskupdate,cnl,100.0,0,5e-8,1,sgd,update,0.6485148514851485,0.5086705202312138,0.35148514851485146
qwen3-0.6b-correct-ratio-csqa-cnl-cr100-seed0-lr5e-8-ep1-optsgd-maskgradient,cnl,100.0,0,5e-8,1,sgd,gradient,0.6485148514851485,0.5086705202312138,0.35148514851485146
qwen3-0.6b-correct-ratio-csqa-cnl-cr80-seed0-lr5e-8-ep1-optsgd-maskupdate,cnl,80.0,0,5e-8,1,sgd,update,0.6470588235294118,0.5101156069364162,0.3529411764705882
qwen3-0.6b-correct-ratio-csqa-cnl-cr80-seed0-lr5e-8-ep1-optsgd-maskgradient,cnl,80.0,0,5e-8,1,sgd,gradient,0.6470588235294118,0.5101156069364162,0.3529411764705882
qwen3-0.6b-correct-ratio-csqa-cnl-cr60-seed0-lr5e-8-ep1-optsgd-maskupdate,cnl,60.0,0,5e-8,1,sgd,update,0.6239669421487604,0.5072254335260116,0.37603305785123964
qwen3-0.6b-correct-ratio-csqa-cnl-cr60-seed0-lr5e-8-ep1-optsgd-maskgradient,cnl,60.0,0,5e-8,1,sgd,gradient,0.6239669421487604,0.5072254335260116,0.37603305785123964
qwen3-0.6b-correct-ratio-csqa-cnl-cr40-seed0-lr5e-8-ep1-optsgd-maskupdate,cnl,40.0,0,5e-8,1,sgd,update,0.6790123456790124,0.5086705202312138,0.32098765432098764
qwen3-0.6b-correct-ratio-csqa-cnl-cr40-seed0-lr5e-8-ep1-optsgd-maskgradient,cnl,40.0,0,5e-8,1,sgd,gradient,0.6790123456790124,0.5086705202312138,0.32098765432098764
qwen3-0.6b-correct-ratio-csqa-cnl-cr20-seed0-lr5e-8-ep1-optsgd-maskupdate,cnl,20.0,0,5e-8,1,sgd,update,0.6296296296296297,0.5028901734104047,0.37037037037037035
qwen3-0.6b-correct-ratio-csqa-cnl-cr20-seed0-lr5e-8-ep1-optsgd-maskgradient,cnl,20.0,0,5e-8,1,sgd,gradient,0.6296296296296297,0.5028901734104047,0.37037037037037035
qwen3-0.6b-correct-ratio-csqa-cnl-cr10-seed0-lr5e-8-ep1-optsgd-maskupdate,cnl,10.0,0,5e-8,1,sgd,update,0.675,0.4956647398843931,0.32499999999999996
qwen3-0.6b-correct-ratio-csqa-cnl-cr10-seed0-lr5e-8-ep1-optsgd-maskgradient,cnl,10.0,0,5e-8,1,sgd,gradient,0.675,0.4956647398843931,0.32499999999999996
qwen3-0.6b-correct-ratio-csqa-cnl-cr100-seed0-lr5e-8-ep1-optadamw-maskupdate,cnl,100.0,0,5e-8,1,adamw,update,0.5841584158415841,0.5115606936416185,0.4158415841584159
qwen3-0.6b-correct-ratio-csqa-cnl-cr100-seed0-lr5e-8-ep1-optadamw-maskgradient,cnl,100.0,0,5e-8,1,adamw,gradient,0.5,0.569364161849711,0.5
qwen3-0.6b-correct-ratio-csqa-cnl-cr80-seed0-lr5e-8-ep1-optadamw-maskupdate,cnl,80.0,0,5e-8,1,adamw,update,0.5851393188854489,0.5130057803468208,0.4148606811145511
qwen3-0.6b-correct-ratio-csqa-cnl-cr80-seed0-lr5e-8-ep1-optadamw-maskgradient,cnl,80.0,0,5e-8,1,adamw,gradient,0.5046439628482973,0.5722543352601156,0.49535603715170273
qwen3-0.6b-correct-ratio-csqa-cnl-cr60-seed0-lr5e-8-ep1-optadamw-maskupdate,cnl,60.0,0,5e-8,1,adamw,update,0.5661157024793388,0.5101156069364162,0.43388429752066116
qwen3-0.6b-correct-ratio-csqa-cnl-cr60-seed0-lr5e-8-ep1-optadamw-maskgradient,cnl,60.0,0,5e-8,1,adamw,gradient,0.49586776859504134,0.5679190751445087,0.5041322314049587
qwen3-0.6b-correct-ratio-csqa-cnl-cr40-seed0-lr5e-8-ep1-optadamw-maskupdate,cnl,40.0,0,5e-8,1,adamw,update,0.6049382716049383,0.5086705202312138,0.3950617283950617
qwen3-0.6b-correct-ratio-csqa-cnl-cr40-seed0-lr5e-8-ep1-optadamw-maskgradient,cnl,40.0,0,5e-8,1,adamw,gradient,0.5308641975308642,0.5736994219653179,0.4691358024691358
qwen3-0.6b-correct-ratio-csqa-cnl-cr20-seed0-lr5e-8-ep1-optadamw-maskupdate,cnl,20.0,0,5e-8,1,adamw,update,0.5679012345679012,0.5028901734104047,0.4320987654320988
qwen3-0.6b-correct-ratio-csqa-cnl-cr20-seed0-lr5e-8-ep1-optadamw-maskgradient,cnl,20.0,0,5e-8,1,adamw,gradient,0.5308641975308642,0.5563583815028902,0.4691358024691358
qwen3-0.6b-correct-ratio-csqa-cnl-cr10-seed0-lr5e-8-ep1-optadamw-maskupdate,cnl,10.0,0,5e-8,1,adamw,update,0.575,0.5158959537572254,0.42500000000000004
qwen3-0.6b-correct-ratio-csqa-cnl-cr10-seed0-lr5e-8-ep1-optadamw-maskgradient,cnl,10.0,0,5e-8,1,adamw,gradient,0.5,0.5794797687861272,0.5
qwen3-0.6b-correct-ratio-csqa-cnl-cr100-seed0-lr2e-8-ep3-optsgd-maskupdate,cnl,100.0,0,2e-8,3,sgd,update,0.943069306930693,0.1936416184971098,0.05693069306930698
qwen3-0.6b-correct-ratio-csqa-cnl-cr100-seed0-lr2e-8-ep3-optsgd-maskgradient,cnl,100.0,0,2e-8,3,sgd,gradient,0.943069306930693,0.1936416184971098,0.05693069306930698
qwen3-0.6b-correct-ratio-csqa-cnl-cr80-seed0-lr2e-8-ep3-optsgd-maskupdate,cnl,80.0,0,2e-8,3,sgd,update,0.959752321981424,0.19797687861271676,0.04024767801857598
qwen3-0.6b-correct-ratio-csqa-cnl-cr80-seed0-lr2e-8-ep3-optsgd-maskgradient,cnl,80.0,0,2e-8,3,sgd,gradient,0.959752321981424,0.19797687861271676,0.04024767801857598
qwen3-0.6b-correct-ratio-csqa-cnl-cr60-seed0-lr2e-8-ep3-optsgd-maskupdate,cnl,60.0,0,2e-8,3,sgd,update,0.9421487603305784,0.20086705202312136,0.05785123966942163
qwen3-0.6b-correct-ratio-csqa-cnl-cr60-seed0-lr2e-8-ep3-optsgd-maskgradient,cnl,60.0,0,2e-8,3,sgd,gradient,0.9421487603305784,0.20086705202312136,0.05785123966942163
qwen3-0.6b-correct-ratio-csqa-cnl-cr40-seed0-lr2e-8-ep3-optsgd-maskupdate,cnl,40.0,0,2e-8,3,sgd,update,0.9691358024691358,0.1936416184971098,0.030864197530864224
qwen3-0.6b-correct-ratio-csqa-cnl-cr40-seed0-lr2e-8-ep3-optsgd-maskgradient,cnl,40.0,0,2e-8,3,sgd,gradient,0.9691358024691358,0.1936416184971098,0.030864197530864224
qwen3-0.6b-correct-ratio-csqa-cnl-cr20-seed0-lr2e-8-ep3-optsgd-maskupdate,cnl,20.0,0,2e-8,3,sgd,update,0.9876543209876544,0.203757225433526,0.012345679012345623
qwen3-0.6b-correct-ratio-csqa-cnl-cr20-seed0-lr2e-8-ep3-optsgd-maskgradient,cnl,20.0,0,2e-8,3,sgd,gradient,0.9876543209876544,0.203757225433526,0.012345679012345623
qwen3-0.6b-correct-ratio-csqa-cnl-cr10-seed0-lr2e-8-ep3-optsgd-maskupdate,cnl,10.0,0,2e-8,3,sgd,update,1.0,0.22254335260115607,0.0
qwen3-0.6b-correct-ratio-csqa-cnl-cr10-seed0-lr2e-8-ep3-optsgd-maskgradient,cnl,10.0,0,2e-8,3,sgd,gradient,1.0,0.22254335260115607,0.0
qwen3-0.6b-correct-ratio-csqa-cnl-cr100-seed0-lr2e-8-ep3-optadamw-maskupdate,cnl,100.0,0,2e-8,3,adamw,update,0.8391089108910891,0.3309248554913295,0.16089108910891092
qwen3-0.6b-correct-ratio-csqa-cnl-cr100-seed0-lr2e-8-ep3-optadamw-maskgradient,cnl,100.0,0,2e-8,3,adamw,gradient,0.9925742574257426,0.11127167630057803,0.007425742574257432
qwen3-0.6b-correct-ratio-csqa-cnl-cr80-seed0-lr2e-8-ep3-optadamw-maskupdate,cnl,80.0,0,2e-8,3,adamw,update,0.826625386996904,0.33959537572254334,0.17337461300309598
qwen3-0.6b-correct-ratio-csqa-cnl-cr80-seed0-lr2e-8-ep3-optadamw-maskgradient,cnl,80.0,0,2e-8,3,adamw,gradient,0.9938080495356038,0.10260115606936417,0.006191950464396245
qwen3-0.6b-correct-ratio-csqa-cnl-cr60-seed0-lr2e-8-ep3-optadamw-maskupdate,cnl,60.0,0,2e-8,3,adamw,update,0.7975206611570248,0.33815028901734107,0.2024793388429752
qwen3-0.6b-correct-ratio-csqa-cnl-cr60-seed0-lr2e-8-ep3-optadamw-maskgradient,cnl,60.0,0,2e-8,3,adamw,gradient,0.9917355371900828,0.1315028901734104,0.008264462809917217
qwen3-0.6b-correct-ratio-csqa-cnl-cr40-seed0-lr2e-8-ep3-optadamw-maskupdate,cnl,40.0,0,2e-8,3,adamw,update,0.845679012345679,0.3236994219653179,0.154320987654321
qwen3-0.6b-correct-ratio-csqa-cnl-cr40-seed0-lr2e-8-ep3-optadamw-maskgradient,cnl,40.0,0,2e-8,3,adamw,gradient,1.0,0.10115606936416184,0.0
qwen3-0.6b-correct-ratio-csqa-cnl-cr20-seed0-lr2e-8-ep3-optadamw-maskupdate,cnl,20.0,0,2e-8,3,adamw,update,0.8024691358024691,0.342485549132948,0.19753086419753085
qwen3-0.6b-correct-ratio-csqa-cnl-cr20-seed0-lr2e-8-ep3-optadamw-maskgradient,cnl,20.0,0,2e-8,3,adamw,gradient,1.0,0.14450867052023122,0.0
qwen3-0.6b-correct-ratio-csqa-cnl-cr10-seed0-lr2e-8-ep3-optadamw-maskupdate,cnl,10.0,0,2e-8,3,adamw,update,0.9,0.34971098265895956,0.09999999999999998
qwen3-0.6b-correct-ratio-csqa-cnl-cr10-seed0-lr2e-8-ep3-optadamw-maskgradient,cnl,10.0,0,2e-8,3,adamw,gradient,1.0,0.17341040462427745,0.0
qwen3-0.6b-correct-ratio-csqa-cnl-cr100-seed0-lr2e-8-ep2-optsgd-maskupdate,cnl,100.0,0,2e-8,2,sgd,update,0.8663366336633663,0.29335260115606937,0.13366336633663367
qwen3-0.6b-correct-ratio-csqa-cnl-cr100-seed0-lr2e-8-ep2-optsgd-maskgradient,cnl,100.0,0,2e-8,2,sgd,gradient,0.8663366336633663,0.29335260115606937,0.13366336633663367
qwen3-0.6b-correct-ratio-csqa-cnl-cr80-seed0-lr2e-8-ep2-optsgd-maskupdate,cnl,80.0,0,2e-8,2,sgd,update,0.8730650154798761,0.2904624277456647,0.12693498452012386
qwen3-0.6b-correct-ratio-csqa-cnl-cr80-seed0-lr2e-8-ep2-optsgd-maskgradient,cnl,80.0,0,2e-8,2,sgd,gradient,0.8730650154798761,0.2904624277456647,0.12693498452012386
qwen3-0.6b-correct-ratio-csqa-cnl-cr60-seed0-lr2e-8-ep2-optsgd-maskupdate,cnl,60.0,0,2e-8,2,sgd,update,0.8429752066115702,0.29624277456647397,0.15702479338842978
qwen3-0.6b-correct-ratio-csqa-cnl-cr60-seed0-lr2e-8-ep2-optsgd-maskgradient,cnl,60.0,0,2e-8,2,sgd,gradient,0.8429752066115702,0.29624277456647397,0.15702479338842978
qwen3-0.6b-correct-ratio-csqa-cnl-cr40-seed0-lr2e-8-ep2-optsgd-maskupdate,cnl,40.0,0,2e-8,2,sgd,update,0.9074074074074074,0.2875722543352601,0.09259259259259256
qwen3-0.6b-correct-ratio-csqa-cnl-cr40-seed0-lr2e-8-ep2-optsgd-maskgradient,cnl,40.0,0,2e-8,2,sgd,gradient,0.9074074074074074,0.2875722543352601,0.09259259259259256
qwen3-0.6b-correct-ratio-csqa-cnl-cr20-seed0-lr2e-8-ep2-optsgd-maskupdate,cnl,20.0,0,2e-8,2,sgd,update,0.8888888888888888,0.2991329479768786,0.11111111111111116
qwen3-0.6b-correct-ratio-csqa-cnl-cr20-seed0-lr2e-8-ep2-optsgd-maskgradient,cnl,20.0,0,2e-8,2,sgd,gradient,0.8888888888888888,0.2991329479768786,0.11111111111111116
qwen3-0.6b-correct-ratio-csqa-cnl-cr10-seed0-lr2e-8-ep2-optsgd-maskupdate,cnl,10.0,0,2e-8,2,sgd,update,0.9,0.3078034682080925,0.09999999999999998
qwen3-0.6b-correct-ratio-csqa-cnl-cr10-seed0-lr2e-8-ep2-optsgd-maskgradient,cnl,10.0,0,2e-8,2,sgd,gradient,0.9,0.3078034682080925,0.09999999999999998
qwen3-0.6b-correct-ratio-csqa-cnl-cr100-seed0-lr2e-8-ep2-optadamw-maskupdate,cnl,100.0,0,2e-8,2,adamw,update,0.8118811881188119,0.3511560693641618,0.18811881188118806
qwen3-0.6b-correct-ratio-csqa-cnl-cr100-seed0-lr2e-8-ep2-optadamw-maskgradient,cnl,100.0,0,2e-8,2,adamw,gradient,0.9084158415841584,0.27167630057803466,0.09158415841584155
qwen3-0.6b-correct-ratio-csqa-cnl-cr80-seed0-lr2e-8-ep2-optadamw-maskupdate,cnl,80.0,0,2e-8,2,adamw,update,0.8204334365325078,0.3511560693641618,0.17956656346749222
qwen3-0.6b-correct-ratio-csqa-cnl-cr80-seed0-lr2e-8-ep2-optadamw-maskgradient,cnl,80.0,0,2e-8,2,adamw,gradient,0.9256965944272446,0.2615606936416185,0.07430340557275539
qwen3-0.6b-correct-ratio-csqa-cnl-cr60-seed0-lr2e-8-ep2-optadamw-maskupdate,cnl,60.0,0,2e-8,2,adamw,update,0.7727272727272727,0.3511560693641618,0.2272727272727273
qwen3-0.6b-correct-ratio-csqa-cnl-cr60-seed0-lr2e-8-ep2-optadamw-maskgradient,cnl,60.0,0,2e-8,2,adamw,gradient,0.9049586776859504,0.2774566473988439,0.0950413223140496
qwen3-0.6b-correct-ratio-csqa-cnl-cr40-seed0-lr2e-8-ep2-optadamw-maskupdate,cnl,40.0,0,2e-8,2,adamw,update,0.8271604938271605,0.3453757225433526,0.1728395061728395
qwen3-0.6b-correct-ratio-csqa-cnl-cr40-seed0-lr2e-8-ep2-optadamw-maskgradient,cnl,40.0,0,2e-8,2,adamw,gradient,0.9382716049382716,0.2630057803468208,0.06172839506172845
qwen3-0.6b-correct-ratio-csqa-cnl-cr20-seed0-lr2e-8-ep2-optadamw-maskupdate,cnl,20.0,0,2e-8,2,adamw,update,0.7654320987654321,0.3511560693641618,0.23456790123456794
qwen3-0.6b-correct-ratio-csqa-cnl-cr20-seed0-lr2e-8-ep2-optadamw-maskgradient,cnl,20.0,0,2e-8,2,adamw,gradient,0.9506172839506172,0.2630057803468208,0.049382716049382824
qwen3-0.6b-correct-ratio-csqa-cnl-cr10-seed0-lr2e-8-ep2-optadamw-maskupdate,cnl,10.0,0,2e-8,2,adamw,update,0.9,0.35260115606936415,0.09999999999999998
qwen3-0.6b-correct-ratio-csqa-cnl-cr10-seed0-lr2e-8-ep2-optadamw-maskgradient,cnl,10.0,0,2e-8,2,adamw,gradient,1.0,0.273121387283237,0.0
qwen3-0.6b-correct-ratio-csqa-cnl-cr100-seed0-lr2e-8-ep1-optsgd-maskupdate,cnl,100.0,0,2e-8,1,sgd,update,0.7995049504950495,0.3901734104046243,0.20049504950495045
qwen3-0.6b-correct-ratio-csqa-cnl-cr100-seed0-lr2e-8-ep1-optsgd-maskgradient,cnl,100.0,0,2e-8,1,sgd,gradient,0.7995049504950495,0.3901734104046243,0.20049504950495045
qwen3-0.6b-correct-ratio-csqa-cnl-cr80-seed0-lr2e-8-ep1-optsgd-maskupdate,cnl,80.0,0,2e-8,1,sgd,update,0.8018575851393189,0.3901734104046243,0.19814241486068107
qwen3-0.6b-correct-ratio-csqa-cnl-cr80-seed0-lr2e-8-ep1-optsgd-maskgradient,cnl,80.0,0,2e-8,1,sgd,gradient,0.8018575851393189,0.3901734104046243,0.19814241486068107
qwen3-0.6b-correct-ratio-csqa-cnl-cr60-seed0-lr2e-8-ep1-optsgd-maskupdate,cnl,60.0,0,2e-8,1,sgd,update,0.768595041322314,0.3930635838150289,0.23140495867768596
qwen3-0.6b-correct-ratio-csqa-cnl-cr60-seed0-lr2e-8-ep1-optsgd-maskgradient,cnl,60.0,0,2e-8,1,sgd,gradient,0.768595041322314,0.3930635838150289,0.23140495867768596
qwen3-0.6b-correct-ratio-csqa-cnl-cr40-seed0-lr2e-8-ep1-optsgd-maskupdate,cnl,40.0,0,2e-8,1,sgd,update,0.8209876543209876,0.3901734104046243,0.17901234567901236
qwen3-0.6b-correct-ratio-csqa-cnl-cr40-seed0-lr2e-8-ep1-optsgd-maskgradient,cnl,40.0,0,2e-8,1,sgd,gradient,0.8209876543209876,0.3901734104046243,0.17901234567901236
qwen3-0.6b-correct-ratio-csqa-cnl-cr20-seed0-lr2e-8-ep1-optsgd-maskupdate,cnl,20.0,0,2e-8,1,sgd,update,0.7407407407407407,0.39739884393063585,0.2592592592592593
qwen3-0.6b-correct-ratio-csqa-cnl-cr20-seed0-lr2e-8-ep1-optsgd-maskgradient,cnl,20.0,0,2e-8,1,sgd,gradient,0.7407407407407407,0.39739884393063585,0.2592592592592593
qwen3-0.6b-correct-ratio-csqa-cnl-cr10-seed0-lr2e-8-ep1-optsgd-maskupdate,cnl,10.0,0,2e-8,1,sgd,update,0.85,0.38583815028901736,0.15000000000000002
qwen3-0.6b-correct-ratio-csqa-cnl-cr10-seed0-lr2e-8-ep1-optsgd-maskgradient,cnl,10.0,0,2e-8,1,sgd,gradient,0.85,0.38583815028901736,0.15000000000000002
qwen3-0.6b-correct-ratio-csqa-cnl-cr100-seed0-lr2e-8-ep1-optadamw-maskupdate,cnl,100.0,0,2e-8,1,adamw,update,0.7945544554455446,0.3612716763005781,0.2054455445544554
qwen3-0.6b-correct-ratio-csqa-cnl-cr100-seed0-lr2e-8-ep1-optadamw-maskgradient,cnl,100.0,0,2e-8,1,adamw,gradient,0.6905940594059405,0.4552023121387283,0.30940594059405946
qwen3-0.6b-correct-ratio-csqa-cnl-cr80-seed0-lr2e-8-ep1-optadamw-maskupdate,cnl,80.0,0,2e-8,1,adamw,update,0.7987616099071208,0.3583815028901734,0.20123839009287925
qwen3-0.6b-correct-ratio-csqa-cnl-cr80-seed0-lr2e-8-ep1-optadamw-maskgradient,cnl,80.0,0,2e-8,1,adamw,gradient,0.6996904024767802,0.44942196531791906,0.30030959752321984
qwen3-0.6b-correct-ratio-csqa-cnl-cr60-seed0-lr2e-8-ep1-optadamw-maskupdate,cnl,60.0,0,2e-8,1,adamw,update,0.756198347107438,0.3627167630057804,0.24380165289256195
qwen3-0.6b-correct-ratio-csqa-cnl-cr60-seed0-lr2e-8-ep1-optadamw-maskgradient,cnl,60.0,0,2e-8,1,adamw,gradient,0.6776859504132231,0.45809248554913296,0.3223140495867769
qwen3-0.6b-correct-ratio-csqa-cnl-cr40-seed0-lr2e-8-ep1-optadamw-maskupdate,cnl,40.0,0,2e-8,1,adamw,update,0.8148148148148148,0.3554913294797688,0.18518518518518523
qwen3-0.6b-correct-ratio-csqa-cnl-cr40-seed0-lr2e-8-ep1-optadamw-maskgradient,cnl,40.0,0,2e-8,1,adamw,gradient,0.7098765432098766,0.45809248554913296,0.2901234567901234
qwen3-0.6b-correct-ratio-csqa-cnl-cr20-seed0-lr2e-8-ep1-optadamw-maskupdate,cnl,20.0,0,2e-8,1,adamw,update,0.7407407407407407,0.3583815028901734,0.2592592592592593
qwen3-0.6b-correct-ratio-csqa-cnl-cr20-seed0-lr2e-8-ep1-optadamw-maskgradient,cnl,20.0,0,2e-8,1,adamw,gradient,0.654320987654321,0.4523121387283237,0.345679012345679
qwen3-0.6b-correct-ratio-csqa-cnl-cr10-seed0-lr2e-8-ep1-optadamw-maskupdate,cnl,10.0,0,2e-8,1,adamw,update,0.875,0.3627167630057804,0.125
qwen3-0.6b-correct-ratio-csqa-cnl-cr10-seed0-lr2e-8-ep1-optadamw-maskgradient,cnl,10.0,0,2e-8,1,adamw,gradient,0.7,0.4523121387283237,0.30000000000000004
qwen3-0.6b-correct-ratio-csqa-cnl-cr100-seed0-lr1e-8-ep3-optsgd-maskupdate,cnl,100.0,0,1e-8,3,sgd,update,0.9628712871287128,0.13005780346820808,0.03712871287128716
qwen3-0.6b-correct-ratio-csqa-cnl-cr100-seed0-lr1e-8-ep3-optsgd-maskgradient,cnl,100.0,0,1e-8,3,sgd,gradient,0.9628712871287128,0.13005780346820808,0.03712871287128716
qwen3-0.6b-correct-ratio-csqa-cnl-cr80-seed0-lr1e-8-ep3-optsgd-maskupdate,cnl,80.0,0,1e-8,3,sgd,update,0.9690402476780186,0.1315028901734104,0.03095975232198145
qwen3-0.6b-correct-ratio-csqa-cnl-cr80-seed0-lr1e-8-ep3-optsgd-maskgradient,cnl,80.0,0,1e-8,3,sgd,gradient,0.9690402476780186,0.1315028901734104,0.03095975232198145
qwen3-0.6b-correct-ratio-csqa-cnl-cr60-seed0-lr1e-8-ep3-optsgd-maskupdate,cnl,60.0,0,1e-8,3,sgd,update,0.9710743801652892,0.1286127167630058,0.02892561983471076
qwen3-0.6b-correct-ratio-csqa-cnl-cr60-seed0-lr1e-8-ep3-optsgd-maskgradient,cnl,60.0,0,1e-8,3,sgd,gradient,0.9710743801652892,0.1286127167630058,0.02892561983471076
qwen3-0.6b-correct-ratio-csqa-cnl-cr40-seed0-lr1e-8-ep3-optsgd-maskupdate,cnl,40.0,0,1e-8,3,sgd,update,0.9814814814814816,0.13439306358381503,0.01851851851851838
qwen3-0.6b-correct-ratio-csqa-cnl-cr40-seed0-lr1e-8-ep3-optsgd-maskgradient,cnl,40.0,0,1e-8,3,sgd,gradient,0.9814814814814816,0.13439306358381503,0.01851851851851838
qwen3-0.6b-correct-ratio-csqa-cnl-cr20-seed0-lr1e-8-ep3-optsgd-maskupdate,cnl,20.0,0,1e-8,3,sgd,update,1.0,0.14450867052023122,0.0
qwen3-0.6b-correct-ratio-csqa-cnl-cr20-seed0-lr1e-8-ep3-optsgd-maskgradient,cnl,20.0,0,1e-8,3,sgd,gradient,1.0,0.14450867052023122,0.0
qwen3-0.6b-correct-ratio-csqa-cnl-cr10-seed0-lr1e-8-ep3-optsgd-maskupdate,cnl,10.0,0,1e-8,3,sgd,update,1.0,0.17341040462427745,0.0
qwen3-0.6b-correct-ratio-csqa-cnl-cr10-seed0-lr1e-8-ep3-optsgd-maskgradient,cnl,10.0,0,1e-8,3,sgd,gradient,1.0,0.17341040462427745,0.0
qwen3-0.6b-correct-ratio-csqa-cnl-cr100-seed0-lr1e-8-ep3-optadamw-maskupdate,cnl,100.0,0,1e-8,3,adamw,update,0.9653465346534652,0.12716763005780346,0.034653465346534795
qwen3-0.6b-correct-ratio-csqa-cnl-cr100-seed0-lr1e-8-ep3-optadamw-maskgradient,cnl,100.0,0,1e-8,3,adamw,gradient,1.0,0.05202312138728324,0.0
qwen3-0.6b-correct-ratio-csqa-cnl-cr80-seed0-lr1e-8-ep3-optadamw-maskupdate,cnl,80.0,0,1e-8,3,adamw,update,0.9659442724458204,0.1315028901734104,0.03405572755417963
qwen3-0.6b-correct-ratio-csqa-cnl-cr80-seed0-lr1e-8-ep3-optadamw-maskgradient,cnl,80.0,0,1e-8,3,adamw,gradient,0.9969040247678018,0.05635838150289017,0.003095975232198178
qwen3-0.6b-correct-ratio-csqa-cnl-cr60-seed0-lr1e-8-ep3-optadamw-maskupdate,cnl,60.0,0,1e-8,3,adamw,update,0.9669421487603306,0.1416184971098266,0.03305785123966942
qwen3-0.6b-correct-ratio-csqa-cnl-cr60-seed0-lr1e-8-ep3-optadamw-maskgradient,cnl,60.0,0,1e-8,3,adamw,gradient,1.0,0.05780346820809248,0.0
qwen3-0.6b-correct-ratio-csqa-cnl-cr40-seed0-lr1e-8-ep3-optadamw-maskupdate,cnl,40.0,0,1e-8,3,adamw,update,0.9691358024691358,0.13583815028901733,0.030864197530864224
qwen3-0.6b-correct-ratio-csqa-cnl-cr40-seed0-lr1e-8-ep3-optadamw-maskgradient,cnl,40.0,0,1e-8,3,adamw,gradient,1.0,0.06358381502890173,0.0
qwen3-0.6b-correct-ratio-csqa-cnl-cr20-seed0-lr1e-8-ep3-optadamw-maskupdate,cnl,20.0,0,1e-8,3,adamw,update,0.9753086419753086,0.1430635838150289,0.024691358024691357
qwen3-0.6b-correct-ratio-csqa-cnl-cr20-seed0-lr1e-8-ep3-optadamw-maskgradient,cnl,20.0,0,1e-8,3,adamw,gradient,1.0,0.08526011560693642,0.0
qwen3-0.6b-correct-ratio-csqa-cnl-cr10-seed0-lr1e-8-ep3-optadamw-maskupdate,cnl,10.0,0,1e-8,3,adamw,update,1.0,0.18063583815028905,0.0
qwen3-0.6b-correct-ratio-csqa-cnl-cr10-seed0-lr1e-8-ep3-optadamw-maskgradient,cnl,10.0,0,1e-8,3,adamw,gradient,1.0,0.1315028901734104,0.0
qwen3-0.6b-correct-ratio-csqa-cnl-cr100-seed0-lr1e-8-ep2-optsgd-maskupdate,cnl,100.0,0,1e-8,2,sgd,update,0.938118811881188,0.19508670520231217,0.06188118811881205
qwen3-0.6b-correct-ratio-csqa-cnl-cr100-seed0-lr1e-8-ep2-optsgd-maskgradient,cnl,100.0,0,1e-8,2,sgd,gradient,0.938118811881188,0.19508670520231217,0.06188118811881205
qwen3-0.6b-correct-ratio-csqa-cnl-cr80-seed0-lr1e-8-ep2-optsgd-maskupdate,cnl,80.0,0,1e-8,2,sgd,update,0.9473684210526316,0.18786127167630057,0.05263157894736836
qwen3-0.6b-correct-ratio-csqa-cnl-cr80-seed0-lr1e-8-ep2-optsgd-maskgradient,cnl,80.0,0,1e-8,2,sgd,gradient,0.9473684210526316,0.18786127167630057,0.05263157894736836
qwen3-0.6b-correct-ratio-csqa-cnl-cr60-seed0-lr1e-8-ep2-optsgd-maskupdate,cnl,60.0,0,1e-8,2,sgd,update,0.9380165289256198,0.1965317919075145,0.06198347107438018
qwen3-0.6b-correct-ratio-csqa-cnl-cr60-seed0-lr1e-8-ep2-optsgd-maskgradient,cnl,60.0,0,1e-8,2,sgd,gradient,0.9380165289256198,0.1965317919075145,0.06198347107438018
qwen3-0.6b-correct-ratio-csqa-cnl-cr40-seed0-lr1e-8-ep2-optsgd-maskupdate,cnl,40.0,0,1e-8,2,sgd,update,0.9567901234567902,0.19797687861271676,0.043209876543209846
qwen3-0.6b-correct-ratio-csqa-cnl-cr40-seed0-lr1e-8-ep2-optsgd-maskgradient,cnl,40.0,0,1e-8,2,sgd,gradient,0.9567901234567902,0.19797687861271676,0.043209876543209846
qwen3-0.6b-correct-ratio-csqa-cnl-cr20-seed0-lr1e-8-ep2-optsgd-maskupdate,cnl,20.0,0,1e-8,2,sgd,update,0.9506172839506172,0.203757225433526,0.049382716049382824
qwen3-0.6b-correct-ratio-csqa-cnl-cr20-seed0-lr1e-8-ep2-optsgd-maskgradient,cnl,20.0,0,1e-8,2,sgd,gradient,0.9506172839506172,0.203757225433526,0.049382716049382824
qwen3-0.6b-correct-ratio-csqa-cnl-cr10-seed0-lr1e-8-ep2-optsgd-maskupdate,cnl,10.0,0,1e-8,2,sgd,update,0.975,0.20809248554913296,0.025000000000000022
qwen3-0.6b-correct-ratio-csqa-cnl-cr10-seed0-lr1e-8-ep2-optsgd-maskgradient,cnl,10.0,0,1e-8,2,sgd,gradient,0.975,0.20809248554913296,0.025000000000000022
qwen3-0.6b-correct-ratio-csqa-cnl-cr100-seed0-lr1e-8-ep2-optadamw-maskupdate,cnl,100.0,0,1e-8,2,adamw,update,0.9529702970297028,0.13728323699421963,0.04702970297029718
qwen3-0.6b-correct-ratio-csqa-cnl-cr100-seed0-lr1e-8-ep2-optadamw-maskgradient,cnl,100.0,0,1e-8,2,adamw,gradient,0.9727722772277227,0.11271676300578036,0.027227722772277252
qwen3-0.6b-correct-ratio-csqa-cnl-cr80-seed0-lr1e-8-ep2-optadamw-maskupdate,cnl,80.0,0,1e-8,2,adamw,update,0.9659442724458204,0.14017341040462428,0.03405572755417963
qwen3-0.6b-correct-ratio-csqa-cnl-cr80-seed0-lr1e-8-ep2-optadamw-maskgradient,cnl,80.0,0,1e-8,2,adamw,gradient,0.9721362229102168,0.11705202312138728,0.02786377708978316
qwen3-0.6b-correct-ratio-csqa-cnl-cr60-seed0-lr1e-8-ep2-optadamw-maskupdate,cnl,60.0,0,1e-8,2,adamw,update,0.9586776859504132,0.1416184971098266,0.04132231404958675
qwen3-0.6b-correct-ratio-csqa-cnl-cr60-seed0-lr1e-8-ep2-optadamw-maskgradient,cnl,60.0,0,1e-8,2,adamw,gradient,0.9793388429752066,0.12283236994219653,0.02066115702479343
qwen3-0.6b-correct-ratio-csqa-cnl-cr40-seed0-lr1e-8-ep2-optadamw-maskupdate,cnl,40.0,0,1e-8,2,adamw,update,0.9753086419753086,0.1416184971098266,0.024691358024691357
qwen3-0.6b-correct-ratio-csqa-cnl-cr40-seed0-lr1e-8-ep2-optadamw-maskgradient,cnl,40.0,0,1e-8,2,adamw,gradient,0.9814814814814816,0.1213872832369942,0.01851851851851838
qwen3-0.6b-correct-ratio-csqa-cnl-cr20-seed0-lr1e-8-ep2-optadamw-maskupdate,cnl,20.0,0,1e-8,2,adamw,update,0.9753086419753086,0.13728323699421963,0.024691358024691357
qwen3-0.6b-correct-ratio-csqa-cnl-cr20-seed0-lr1e-8-ep2-optadamw-maskgradient,cnl,20.0,0,1e-8,2,adamw,gradient,1.0,0.1286127167630058,0.0
qwen3-0.6b-correct-ratio-csqa-cnl-cr10-seed0-lr1e-8-ep2-optadamw-maskupdate,cnl,10.0,0,1e-8,2,adamw,update,0.975,0.15606936416184972,0.025000000000000022
qwen3-0.6b-correct-ratio-csqa-cnl-cr10-seed0-lr1e-8-ep2-optadamw-maskgradient,cnl,10.0,0,1e-8,2,adamw,gradient,1.0,0.14450867052023122,0.0
qwen3-0.6b-correct-ratio-csqa-cnl-cr100-seed0-lr1e-8-ep1-optsgd-maskupdate,cnl,100.0,0,1e-8,1,sgd,update,0.8935643564356436,0.24710982658959535,0.10643564356435642
qwen3-0.6b-correct-ratio-csqa-cnl-cr100-seed0-lr1e-8-ep1-optsgd-maskgradient,cnl,100.0,0,1e-8,1,sgd,gradient,0.8935643564356436,0.24710982658959535,0.10643564356435642
qwen3-0.6b-correct-ratio-csqa-cnl-cr80-seed0-lr1e-8-ep1-optsgd-maskupdate,cnl,80.0,0,1e-8,1,sgd,update,0.8947368421052632,0.2514450867052023,0.10526315789473684
qwen3-0.6b-correct-ratio-csqa-cnl-cr80-seed0-lr1e-8-ep1-optsgd-maskgradient,cnl,80.0,0,1e-8,1,sgd,gradient,0.8947368421052632,0.2514450867052023,0.10526315789473684
qwen3-0.6b-correct-ratio-csqa-cnl-cr60-seed0-lr1e-8-ep1-optsgd-maskupdate,cnl,60.0,0,1e-8,1,sgd,update,0.8884297520661157,0.24855491329479767,0.11157024793388426
qwen3-0.6b-correct-ratio-csqa-cnl-cr60-seed0-lr1e-8-ep1-optsgd-maskgradient,cnl,60.0,0,1e-8,1,sgd,gradient,0.8884297520661157,0.24855491329479767,0.11157024793388426
qwen3-0.6b-correct-ratio-csqa-cnl-cr40-seed0-lr1e-8-ep1-optsgd-maskupdate,cnl,40.0,0,1e-8,1,sgd,update,0.9074074074074074,0.25578034682080925,0.09259259259259256
qwen3-0.6b-correct-ratio-csqa-cnl-cr40-seed0-lr1e-8-ep1-optsgd-maskgradient,cnl,40.0,0,1e-8,1,sgd,gradient,0.9074074074074074,0.25578034682080925,0.09259259259259256
qwen3-0.6b-correct-ratio-csqa-cnl-cr20-seed0-lr1e-8-ep1-optsgd-maskupdate,cnl,20.0,0,1e-8,1,sgd,update,0.8888888888888888,0.2514450867052023,0.11111111111111116
qwen3-0.6b-correct-ratio-csqa-cnl-cr20-seed0-lr1e-8-ep1-optsgd-maskgradient,cnl,20.0,0,1e-8,1,sgd,gradient,0.8888888888888888,0.2514450867052023,0.11111111111111116
qwen3-0.6b-correct-ratio-csqa-cnl-cr10-seed0-lr1e-8-ep1-optsgd-maskupdate,cnl,10.0,0,1e-8,1,sgd,update,0.925,0.24421965317919075,0.07499999999999996
qwen3-0.6b-correct-ratio-csqa-cnl-cr10-seed0-lr1e-8-ep1-optsgd-maskgradient,cnl,10.0,0,1e-8,1,sgd,gradient,0.925,0.24421965317919075,0.07499999999999996
qwen3-0.6b-correct-ratio-csqa-cnl-cr100-seed0-lr1e-8-ep1-optadamw-maskupdate,cnl,100.0,0,1e-8,1,adamw,update,0.9554455445544554,0.1416184971098266,0.044554455445544594
qwen3-0.6b-correct-ratio-csqa-cnl-cr100-seed0-lr1e-8-ep1-optadamw-maskgradient,cnl,100.0,0,1e-8,1,adamw,gradient,0.9207920792079208,0.23410404624277456,0.07920792079207917
qwen3-0.6b-correct-ratio-csqa-cnl-cr80-seed0-lr1e-8-ep1-optadamw-maskupdate,cnl,80.0,0,1e-8,1,adamw,update,0.956656346749226,0.14884393063583817,0.04334365325077405
qwen3-0.6b-correct-ratio-csqa-cnl-cr80-seed0-lr1e-8-ep1-optadamw-maskgradient,cnl,80.0,0,1e-8,1,adamw,gradient,0.9380804953560372,0.2312138728323699,0.061919504643962786
qwen3-0.6b-correct-ratio-csqa-cnl-cr60-seed0-lr1e-8-ep1-optadamw-maskupdate,cnl,60.0,0,1e-8,1,adamw,update,0.950413223140496,0.15173410404624277,0.04958677685950397
qwen3-0.6b-correct-ratio-csqa-cnl-cr60-seed0-lr1e-8-ep1-optadamw-maskgradient,cnl,60.0,0,1e-8,1,adamw,gradient,0.9049586776859504,0.22109826589595377,0.0950413223140496
qwen3-0.6b-correct-ratio-csqa-cnl-cr40-seed0-lr1e-8-ep1-optadamw-maskupdate,cnl,40.0,0,1e-8,1,adamw,update,0.9691358024691358,0.14017341040462428,0.030864197530864224
qwen3-0.6b-correct-ratio-csqa-cnl-cr40-seed0-lr1e-8-ep1-optadamw-maskgradient,cnl,40.0,0,1e-8,1,adamw,gradient,0.9320987654320988,0.22687861271676305,0.0679012345679012
qwen3-0.6b-correct-ratio-csqa-cnl-cr20-seed0-lr1e-8-ep1-optadamw-maskupdate,cnl,20.0,0,1e-8,1,adamw,update,0.9629629629629628,0.13872832369942195,0.0370370370370372
qwen3-0.6b-correct-ratio-csqa-cnl-cr20-seed0-lr1e-8-ep1-optadamw-maskgradient,cnl,20.0,0,1e-8,1,adamw,gradient,0.925925925925926,0.22109826589595377,0.07407407407407396
qwen3-0.6b-correct-ratio-csqa-cnl-cr10-seed0-lr1e-8-ep1-optadamw-maskupdate,cnl,10.0,0,1e-8,1,adamw,update,0.975,0.1329479768786127,0.025000000000000022
qwen3-0.6b-correct-ratio-csqa-cnl-cr10-seed0-lr1e-8-ep1-optadamw-maskgradient,cnl,10.0,0,1e-8,1,adamw,gradient,0.95,0.21820809248554912,0.050000000000000044
qwen3-0.6b-correct-ratio-csqa-cnl-cr100-seed0-lr1e-7-ep25-optsgd-maskgradient,cnl,100.0,0,1e-7,25,sgd,gradient,1.0,0.4653179190751445,0.0
qwen3-0.6b-correct-ratio-csqa-cnl-cr80-seed0-lr1e-7-ep25-optsgd-maskgradient,cnl,80.0,0,1e-7,25,sgd,gradient,1.0,0.4638728323699422,0.0
qwen3-0.6b-correct-ratio-csqa-cnl-cr60-seed0-lr1e-7-ep25-optsgd-maskgradient,cnl,60.0,0,1e-7,25,sgd,gradient,1.0,0.4841040462427746,0.0
qwen3-0.6b-correct-ratio-csqa-cnl-cr40-seed0-lr1e-7-ep25-optsgd-maskgradient,cnl,40.0,0,1e-7,25,sgd,gradient,1.0,0.6372832369942196,0.0
qwen3-0.6b-correct-ratio-csqa-cnl-cr20-seed0-lr1e-7-ep25-optsgd-maskgradient,cnl,20.0,0,1e-7,25,sgd,gradient,1.0,0.6676300578034682,0.0
qwen3-0.6b-correct-ratio-csqa-cnl-cr10-seed0-lr1e-7-ep25-optsgd-maskgradient,cnl,10.0,0,1e-7,25,sgd,gradient,1.0,0.7052023121387283,0.0
qwen3-0.6b-correct-ratio-csqa-sft-cr100-seed0-lr1e-4-ep3-optsgd-masknone,sft,100.0,0,0.0001,3,sgd,none,0.1707920792079208,0.6242774566473989,0.8292079207920792
qwen3-0.6b-correct-ratio-csqa-sft-cr100-seed0-lr1e-4-ep3-optadamw-masknone,sft,100.0,0,0.0001,3,adamw,none,0.0594059405940594,0.33670520231213874,0.9405940594059405
qwen3-0.6b-correct-ratio-csqa-sft-cr100-seed0-lr1e-4-ep2-optsgd-masknone,sft,100.0,0,0.0001,2,sgd,none,0.1608910891089109,0.5101156069364162,0.8391089108910891
qwen3-0.6b-correct-ratio-csqa-sft-cr100-seed0-lr1e-4-ep2-optadamw-masknone,sft,100.0,0,0.0001,2,adamw,none,0.0594059405940594,0.33670520231213874,0.9405940594059405
qwen3-0.6b-correct-ratio-csqa-sft-cr100-seed0-lr1e-4-ep1-optsgd-masknone,sft,100.0,0,0.0001,1,sgd,none,0.15346534653465346,0.4017341040462428,0.8465346534653465
qwen3-0.6b-correct-ratio-csqa-sft-cr100-seed0-lr1e-4-ep1-optadamw-masknone,sft,100.0,0,0.0001,1,adamw,none,0.0594059405940594,0.33670520231213874,0.9405940594059405
qwen3-0.6b-correct-ratio-csqa-sft-cr100-seed0-lr5e-5-ep3-optsgd-masknone,sft,100.0,0,0.00005,3,sgd,none,0.28217821782178215,0.9017341040462428,0.7178217821782178
qwen3-0.6b-correct-ratio-csqa-sft-cr100-seed0-lr5e-5-ep3-optadamw-masknone,sft,100.0,0,0.00005,3,adamw,none,0.0594059405940594,0.33670520231213874,0.9405940594059405
qwen3-0.6b-correct-ratio-csqa-sft-cr100-seed0-lr5e-5-ep2-optsgd-masknone,sft,100.0,0,0.00005,2,sgd,none,0.2623762376237624,0.8973988439306358,0.7376237623762376
qwen3-0.6b-correct-ratio-csqa-sft-cr100-seed0-lr5e-5-ep2-optadamw-masknone,sft,100.0,0,0.00005,2,adamw,none,0.0594059405940594,0.33670520231213874,0.9405940594059405
qwen3-0.6b-correct-ratio-csqa-sft-cr100-seed0-lr5e-5-ep1-optsgd-masknone,sft,100.0,0,0.00005,1,sgd,none,0.27722772277227725,0.7615606936416185,0.7227722772277227
qwen3-0.6b-correct-ratio-csqa-sft-cr100-seed0-lr5e-5-ep1-optadamw-masknone,sft,100.0,0,0.00005,1,adamw,none,0.0594059405940594,0.33670520231213874,0.9405940594059405
qwen3-0.6b-correct-ratio-csqa-sft-cr100-seed0-lr2e-5-ep3-optsgd-masknone,sft,100.0,0,0.00002,3,sgd,none,0.30445544554455445,0.934971098265896,0.6955445544554455
qwen3-0.6b-correct-ratio-csqa-sft-cr100-seed0-lr2e-5-ep3-optadamw-masknone,sft,100.0,0,0.00002,3,adamw,none,0.06930693069306931,0.4667630057803468,0.9306930693069306
qwen3-0.6b-correct-ratio-csqa-sft-cr100-seed0-lr2e-5-ep2-optsgd-masknone,sft,100.0,0,0.00002,2,sgd,none,0.25,0.8251445086705202,0.75
qwen3-0.6b-correct-ratio-csqa-sft-cr100-seed0-lr2e-5-ep2-optadamw-masknone,sft,100.0,0,0.00002,2,adamw,none,0.0594059405940594,0.33959537572254334,0.9405940594059405
qwen3-0.6b-correct-ratio-csqa-sft-cr100-seed0-lr2e-5-ep1-optsgd-masknone,sft,100.0,0,0.00002,1,sgd,none,0.27970297029702973,0.7832369942196532,0.7202970297029703
qwen3-0.6b-correct-ratio-csqa-sft-cr100-seed0-lr2e-5-ep1-optadamw-masknone,sft,100.0,0,0.00002,1,adamw,none,0.0594059405940594,0.33670520231213874,0.9405940594059405
qwen3-0.6b-correct-ratio-csqa-sft-cr100-seed0-lr1e-5-ep3-optsgd-masknone,sft,100.0,0,0.00001,3,sgd,none,0.31683168316831684,0.9060693641618496,0.6831683168316831
qwen3-0.6b-correct-ratio-csqa-sft-cr100-seed0-lr1e-5-ep3-optadamw-masknone,sft,100.0,0,0.00001,3,adamw,none,0.19554455445544555,0.8367052023121387,0.8044554455445545
qwen3-0.6b-correct-ratio-csqa-sft-cr100-seed0-lr1e-5-ep2-optsgd-masknone,sft,100.0,0,0.00001,2,sgd,none,0.27970297029702973,0.8352601156069365,0.7202970297029703
qwen3-0.6b-correct-ratio-csqa-sft-cr100-seed0-lr1e-5-ep2-optadamw-masknone,sft,100.0,0,0.00001,2,adamw,none,0.06188118811881188,0.3511560693641618,0.9381188118811881
qwen3-0.6b-correct-ratio-csqa-sft-cr100-seed0-lr1e-5-ep1-optsgd-masknone,sft,100.0,0,0.00001,1,sgd,none,0.2871287128712871,0.7369942196531792,0.7128712871287128
qwen3-0.6b-correct-ratio-csqa-sft-cr100-seed0-lr1e-5-ep1-optadamw-masknone,sft,100.0,0,0.00001,1,adamw,none,0.18564356435643564,0.7702312138728323,0.8143564356435644
qwen3-0.6b-correct-ratio-csqa-sft-cr100-seed0-lr5e-6-ep3-optsgd-masknone,sft,100.0,0,0.000005,3,sgd,none,0.2995049504950495,0.8236994219653179,0.7004950495049505
qwen3-0.6b-correct-ratio-csqa-sft-cr100-seed0-lr5e-6-ep3-optadamw-masknone,sft,100.0,0,0.000005,3,adamw,none,0.2722772277227723,0.96242774566474,0.7277227722772277
qwen3-0.6b-correct-ratio-csqa-sft-cr100-seed0-lr5e-6-ep2-optsgd-masknone,sft,100.0,0,0.000005,2,sgd,none,0.297029702970297,0.7557803468208093,0.7029702970297029
qwen3-0.6b-correct-ratio-csqa-sft-cr100-seed0-lr5e-6-ep2-optadamw-masknone,sft,100.0,0,0.000005,2,adamw,none,0.24504950495049505,0.916184971098266,0.754950495049505
qwen3-0.6b-correct-ratio-csqa-sft-cr100-seed0-lr5e-6-ep1-optsgd-masknone,sft,100.0,0,0.000005,1,sgd,none,0.297029702970297,0.6835260115606936,0.7029702970297029
qwen3-0.6b-correct-ratio-csqa-sft-cr100-seed0-lr5e-6-ep1-optadamw-masknone,sft,100.0,0,0.000005,1,adamw,none,0.2202970297029703,0.8208092485549133,0.7797029702970297
qwen3-0.6b-correct-ratio-csqa-sft-cr100-seed0-lr2e-6-ep3-optsgd-masknone,sft,100.0,0,0.000002,3,sgd,none,0.3094059405940594,0.7109826589595376,0.6905940594059405
qwen3-0.6b-correct-ratio-csqa-sft-cr100-seed0-lr2e-6-ep3-optadamw-masknone,sft,100.0,0,0.000002,3,adamw,none,0.4084158415841584,0.9884393063583816,0.5915841584158417
qwen3-0.6b-correct-ratio-csqa-sft-cr100-seed0-lr2e-6-ep2-optsgd-masknone,sft,100.0,0,0.000002,2,sgd,none,0.30445544554455445,0.6791907514450867,0.6955445544554455
qwen3-0.6b-correct-ratio-csqa-sft-cr100-seed0-lr2e-6-ep2-optadamw-masknone,sft,100.0,0,0.000002,2,adamw,none,0.3465346534653465,0.9710982658959536,0.6534653465346535
qwen3-0.6b-correct-ratio-csqa-sft-cr100-seed0-lr2e-6-ep1-optsgd-masknone,sft,100.0,0,0.000002,1,sgd,none,0.2896039603960396,0.6011560693641619,0.7103960396039604
qwen3-0.6b-correct-ratio-csqa-sft-cr100-seed0-lr2e-6-ep1-optadamw-masknone,sft,100.0,0,0.000002,1,adamw,none,0.25742574257425743,0.8323699421965318,0.7425742574257426
qwen3-0.6b-correct-ratio-csqa-sft-cr100-seed0-lr1e-6-ep3-optsgd-masknone,sft,100.0,0,0.000001,3,sgd,none,0.31683168316831684,0.6705202312138728,0.6831683168316831
qwen3-0.6b-correct-ratio-csqa-sft-cr100-seed0-lr1e-6-ep3-optadamw-masknone,sft,100.0,0,0.000001,3,adamw,none,0.3910891089108911,0.9898843930635838,0.6089108910891089
qwen3-0.6b-correct-ratio-csqa-sft-cr100-seed0-lr1e-6-ep2-optsgd-masknone,sft,100.0,0,0.000001,2,sgd,none,0.32425742574257427,0.634393063583815,0.6757425742574257
qwen3-0.6b-correct-ratio-csqa-sft-cr100-seed0-lr1e-6-ep2-optadamw-masknone,sft,100.0,0,0.000001,2,adamw,none,0.30445544554455445,0.9552023121387284,0.6955445544554455
qwen3-0.6b-correct-ratio-csqa-sft-cr100-seed0-lr1e-6-ep1-optsgd-masknone,sft,100.0,0,0.000001,1,sgd,none,0.32673267326732675,0.569364161849711,0.6732673267326732
qwen3-0.6b-correct-ratio-csqa-sft-cr100-seed0-lr1e-6-ep1-optadamw-masknone,sft,100.0,0,0.000001,1,adamw,none,0.2722772277227723,0.773121387283237,0.7277227722772277
qwen3-0.6b-correct-ratio-csqa-sft-cr100-seed0-lr5e-7-ep3-optsgd-masknone,sft,100.0,0,5e-7,3,sgd,none,0.3292079207920792,0.638728323699422,0.6707920792079207
qwen3-0.6b-correct-ratio-csqa-sft-cr100-seed0-lr5e-7-ep3-optadamw-masknone,sft,100.0,0,5e-7,3,adamw,none,0.3292079207920792,0.9653179190751444,0.6707920792079207
qwen3-0.6b-correct-ratio-csqa-sft-cr100-seed0-lr5e-7-ep2-optsgd-masknone,sft,100.0,0,5e-7,2,sgd,none,0.3415841584158416,0.6040462427745664,0.6584158415841583
qwen3-0.6b-correct-ratio-csqa-sft-cr100-seed0-lr5e-7-ep2-optadamw-masknone,sft,100.0,0,5e-7,2,adamw,none,0.297029702970297,0.8179190751445087,0.7029702970297029
qwen3-0.6b-correct-ratio-csqa-sft-cr100-seed0-lr5e-7-ep1-optsgd-masknone,sft,100.0,0,5e-7,1,sgd,none,0.35396039603960394,0.5736994219653179,0.6460396039603961
qwen3-0.6b-correct-ratio-csqa-sft-cr100-seed0-lr5e-7-ep1-optadamw-masknone,sft,100.0,0,5e-7,1,adamw,none,0.28217821782178215,0.6242774566473989,0.7178217821782178
qwen3-0.6b-correct-ratio-csqa-sft-cr100-seed0-lr2e-7-ep3-optsgd-masknone,sft,100.0,0,2e-7,3,sgd,none,0.3564356435643564,0.5838150289017341,0.6435643564356436
qwen3-0.6b-correct-ratio-csqa-sft-cr100-seed0-lr2e-7-ep3-optadamw-masknone,sft,100.0,0,2e-7,3,adamw,none,0.3118811881188119,0.7153179190751445,0.6881188118811881
qwen3-0.6b-correct-ratio-csqa-sft-cr100-seed0-lr2e-7-ep2-optsgd-masknone,sft,100.0,0,2e-7,2,sgd,none,0.3712871287128713,0.5809248554913294,0.6287128712871287
qwen3-0.6b-correct-ratio-csqa-sft-cr100-seed0-lr2e-7-ep2-optadamw-masknone,sft,100.0,0,2e-7,2,adamw,none,0.31435643564356436,0.615606936416185,0.6856435643564356
qwen3-0.6b-correct-ratio-csqa-sft-cr100-seed0-lr2e-7-ep1-optsgd-masknone,sft,100.0,0,2e-7,1,sgd,none,0.45544554455445546,0.5563583815028902,0.5445544554455446
qwen3-0.6b-correct-ratio-csqa-sft-cr100-seed0-lr2e-7-ep1-optadamw-masknone,sft,100.0,0,2e-7,1,adamw,none,0.3316831683168317,0.5765895953757225,0.6683168316831682
qwen3-0.6b-correct-ratio-csqa-sft-cr100-seed0-lr1e-7-ep3-optsgd-masknone,sft,100.0,0,1e-7,3,sgd,none,0.41089108910891087,0.5823699421965318,0.5891089108910892
qwen3-0.6b-correct-ratio-csqa-sft-cr100-seed0-lr1e-7-ep3-optadamw-masknone,sft,100.0,0,1e-7,3,adamw,none,0.33663366336633666,0.6141618497109826,0.6633663366336633
qwen3-0.6b-correct-ratio-csqa-sft-cr100-seed0-lr1e-7-ep2-optsgd-masknone,sft,100.0,0,1e-7,2,sgd,none,0.46534653465346537,0.5549132947976878,0.5346534653465347
qwen3-0.6b-correct-ratio-csqa-sft-cr100-seed0-lr1e-7-ep2-optadamw-masknone,sft,100.0,0,1e-7,2,adamw,none,0.3465346534653465,0.5982658959537572,0.6534653465346535
qwen3-0.6b-correct-ratio-csqa-sft-cr100-seed0-lr1e-7-ep1-optsgd-masknone,sft,100.0,0,1e-7,1,sgd,none,0.5618811881188119,0.5187861271676301,0.43811881188118806
qwen3-0.6b-correct-ratio-csqa-sft-cr100-seed0-lr1e-7-ep1-optadamw-masknone,sft,100.0,0,1e-7,1,adamw,none,0.37623762376237624,0.565028901734104,0.6237623762376238
qwen3-0.6b-correct-ratio-csqa-sft-cr100-seed0-lr5e-8-ep3-optsgd-masknone,sft,100.0,0,5e-8,3,sgd,none,0.504950495049505,0.5476878612716763,0.49504950495049505
qwen3-0.6b-correct-ratio-csqa-sft-cr100-seed0-lr5e-8-ep3-optadamw-masknone,sft,100.0,0,5e-8,3,adamw,none,0.3564356435643564,0.5765895953757225,0.6435643564356436
qwen3-0.6b-correct-ratio-csqa-sft-cr100-seed0-lr5e-8-ep2-optsgd-masknone,sft,100.0,0,5e-8,2,sgd,none,0.5594059405940595,0.5173410404624278,0.44059405940594054
qwen3-0.6b-correct-ratio-csqa-sft-cr100-seed0-lr5e-8-ep2-optadamw-masknone,sft,100.0,0,5e-8,2,adamw,none,0.38366336633663367,0.5679190751445087,0.6163366336633663
qwen3-0.6b-correct-ratio-csqa-sft-cr100-seed0-lr5e-8-ep1-optsgd-masknone,sft,100.0,0,5e-8,1,sgd,none,0.6955445544554455,0.4624277456647399,0.3044554455445545
qwen3-0.6b-correct-ratio-csqa-sft-cr100-seed0-lr5e-8-ep1-optadamw-masknone,sft,100.0,0,5e-8,1,adamw,none,0.556930693069307,0.5130057803468208,0.443069306930693
qwen3-0.6b-correct-ratio-csqa-sft-cr100-seed0-lr2e-8-ep3-optsgd-masknone,sft,100.0,0,2e-8,3,sgd,none,0.6608910891089109,0.48554913294797686,0.3391089108910891
qwen3-0.6b-correct-ratio-csqa-sft-cr100-seed0-lr2e-8-ep3-optadamw-masknone,sft,100.0,0,2e-8,3,adamw,none,0.5,0.5433526011560693,0.5
qwen3-0.6b-correct-ratio-csqa-sft-cr100-seed0-lr2e-8-ep2-optsgd-masknone,sft,100.0,0,2e-8,2,sgd,none,0.7326732673267327,0.430635838150289,0.26732673267326734
qwen3-0.6b-correct-ratio-csqa-sft-cr100-seed0-lr2e-8-ep2-optadamw-masknone,sft,100.0,0,2e-8,2,adamw,none,0.6386138613861386,0.4739884393063584,0.3613861386138614
qwen3-0.6b-correct-ratio-csqa-sft-cr100-seed0-lr2e-8-ep1-optsgd-masknone,sft,100.0,0,2e-8,1,sgd,none,0.8168316831683168,0.32947976878612717,0.18316831683168322
qwen3-0.6b-correct-ratio-csqa-sft-cr100-seed0-lr2e-8-ep1-optadamw-masknone,sft,100.0,0,2e-8,1,adamw,none,0.7970297029702971,0.3612716763005781,0.20297029702970293
qwen3-0.6b-correct-ratio-csqa-sft-cr100-seed0-lr1e-8-ep3-optsgd-masknone,sft,100.0,0,1e-8,3,sgd,none,0.7722772277227723,0.3959537572254335,0.2277227722772277
qwen3-0.6b-correct-ratio-csqa-sft-cr100-seed0-lr1e-8-ep3-optadamw-masknone,sft,100.0,0,1e-8,3,adamw,none,0.7079207920792079,0.4393063583815029,0.2920792079207921
qwen3-0.6b-correct-ratio-csqa-sft-cr100-seed0-lr1e-8-ep2-optsgd-masknone,sft,100.0,0,1e-8,2,sgd,none,0.8267326732673267,0.32803468208092484,0.1732673267326733
qwen3-0.6b-correct-ratio-csqa-sft-cr100-seed0-lr1e-8-ep2-optadamw-masknone,sft,100.0,0,1e-8,2,adamw,none,0.7871287128712872,0.3612716763005781,0.21287128712871284
qwen3-0.6b-correct-ratio-csqa-sft-cr100-seed0-lr1e-8-ep1-optsgd-masknone,sft,100.0,0,1e-8,1,sgd,none,0.9257425742574258,0.21242774566473988,0.07425742574257421
qwen3-0.6b-correct-ratio-csqa-sft-cr100-seed0-lr1e-8-ep1-optadamw-masknone,sft,100.0,0,1e-8,1,adamw,none,0.9653465346534652,0.13439306358381503,0.034653465346534795
qwen3-0.6b-correct-ratio-csqa-sft-cr100-seed0-lr1e-7-ep25-optsgd-masknone,sft,100.0,0,1e-7,25,sgd,none,0.349009900990099,0.6676300578034682,0.650990099009901
